Gender words in Chinese,Gender words in English,Gender scores,Part of Speech
姨妈假,menstrual leave,-2,Noun
生子,give birth,-2,Noun
女生宿舍,girls dormitory,-2,Noun
女生节,Girls' Day,-2,Noun
女生假,menstrual leave,-2,Noun
女生,girl,-2,Noun
女神,goddess,-2,Noun
女人,woman,-2,Noun
女孩子,girl,-2,Noun
女孩,girl,-2,Noun
阿姨,aunt,-2,Noun
女士,miss,-2,Noun
美容,cosmetology,-1.642458101,Noun
育婴师,nursery teacher,-1.581920904,Noun
美丽,beauty,-1.396694215,Adjective
古筝,guzheng,-1.368715084,Noun
奶茶,milk tea,-1.279329609,Noun
护理学,nursing,-1.279329609,Noun
细心,careful,-1.245810056,Adjective
舞蹈,dance,-1.206703911,Noun
文秘,secretary,-1.169491525,Noun
护理,care,-1.15819209,Noun
护师,nurse,-1.152542373,Noun
宝宝,baby,-1.145251397,Noun
单纯,simple,-1.106145251,Adjective
气质,temperament,-1.079096045,Noun
服装,clothing,-1.044692737,Noun
师范类,normal class,-1.033519553,Noun
敏感,sensitive,-1.008474576,Adjective
可爱,cute,-0.96699276,Adjective
客服,customer service,-0.966101695,Noun
妈妈,mother,-0.95034707,Noun
商务礼仪,business etiquette,-0.949152542,Noun
宝贝,baby,-0.93220339,Noun
陪护,escort,-0.923728814,Verb
文艺活动,cultural activity,-0.897727273,Noun
美观,beautiful,-0.893854749,Adjective
装扮,dress up,-0.87083901,Verb
医护,medical care,-0.854748603,Noun
护士,nurse,-0.83732862,Noun
奢侈品,luxury,-0.830508475,Noun
俏皮,pretty and cute,-0.82433505,Adjective
家庭,family,-0.82122905,Noun
甜美,sweet,-0.81536729,Adjective
保育员,nurse,-0.80912824,Noun
生小孩,give birth to a child,-0.8061386,Noun
卸妆,remove makeup,-0.80053156,Verb
形象气质,image temperament,-0.798882682,Noun
色彩,color,-0.787709497,Noun
漂亮,pretty,-0.78605512,Adjective
彩妆,makeup,-0.78601563,Noun
骨感,skinny,-0.77956372,Noun
配饰,accessories,-0.77666958,Verb
护发,hair care,-0.77333117,Verb
艳丽,gorgeous,-0.76313089,Adjective
育才,cultivate talents,-0.762711864,Noun
甜品,dessert,-0.75669354,Noun
蝴蝶结,bow-knot,-0.75538552,Noun
体弱,frail,-0.754237288,Adjective
会计专业,accounting,-0.754237288,Noun
端庄,dignified,-0.75271731,Adjective
主播,streamer,-0.748603352,Noun
服装设计,clothing design,-0.748603352,Noun
人母,mother,-0.74840807,Noun
美化,beautify,-0.74301676,Noun
照顾,take care of,-0.73911144,Verb
仪态,deportment,-0.73418813,Noun
美学,aesthetics,-0.726256983,Noun
呵护,take care of,-0.72130804,Verb
形象,image,-0.717514124,Noun
儿童,child,-0.715083799,Noun
接待工作,reception,-0.711864407,Noun
清新,fresh,-0.69851341,Adjective
精致,delicate,-0.69779928,Adjective
温柔,gentle,-0.69699601,Adjective
姐姐,elder sister,-0.69657433,Noun
准妈妈,mother-to-be,-0.68985208,Noun
孩子,kid,-0.686440678,Noun
迷人,charming,-0.67766992,Adjective
新婚,newly married,-0.67766956,Verb
知书达礼,cultured,-0.67453795,Adjective
营业员,salesperson,-0.672316384,Noun
做饭,cook,-0.670391061,Verb
着装,dress,-0.66384315,Verb
美食,food,-0.661016949,Noun
六一儿童节,Children's Day,-0.659217877,Noun
茶话会,tea party,-0.64356398,Noun
细腻,exquisite,-0.64065687,Adjective
护士长,head nurse,-0.63247339,Noun
安静,quiet,-0.620111732,Noun
善良,kind,-0.619318182,Adjective
细致,meticulous,-0.61919143,Adjective
记帐,bookkeeping,-0.618644068,Noun
婚恋,marriage,-0.61851465,Noun
好看,good-looking,-0.61096793,Adjective
生日礼品,birthday gift,-0.603351955,Noun
幸福,happiness,-0.59936912,Adjective
贴心,intimate,-0.59885469,Adjective
染发,hair dye,-0.5973147,Verb
娇贵,delicate,-0.59633605,Adjective
咨询服务,consulting service,-0.593220339,Noun
美术设计,art design,-0.587570621,Verb
儿童节,Children's Day,-0.58677686,Noun
雅致,elegant,-0.58039674,Adjective
育儿,parenting,-0.57885248,Noun
耐看,good-looking,-0.57729504,Adjective
厨房,kitchen,-0.576271186,Noun
优雅,grace,-0.57381905,Adjective
用心,attentive,-0.558659218,Adjective
姐妹,sisters,-0.55363258,Noun
婴儿,baby,-0.550847458,Noun
审美观念,aesthetic standards,-0.54946448,Noun
成本会计,cost accounting,-0.541899441,Noun
甜点,dessert,-0.54060083,Noun
专业英语,professional English,-0.536312849,Noun
讲究卫生,pay attention to hygiene,-0.53507485,Noun
特护,special nurse,-0.53402856,Noun
婚嫁,marriage,-0.53327716,Noun
快乐,happiness,-0.53222386,Adjective
营养师,nutritionist,-0.53034154,Noun
清雅,elegant,-0.52698576,Adjective
怀孕,pregnant,-0.52165591,Adjective
拼盘,make dish,-0.51630661,Verb
珍珠奶茶,bubble tea,-0.51362949,Noun
动听,pleasant to listen to,-0.5121948,Adjective
喂养,feed,-0.51119456,Verb
洗澡,bath,-0.50987015,Verb
陪衬,set off by contrast,-0.50838411,Verb
做作,behave in an affected way,-0.50778406,Verb
婚姻,marriage,-0.50749294,Noun
选美,beauty pageant,-0.50676418,Verb
抚触,touch,-0.50515405,Verb
假发,wig,-0.50308508,Noun
优美,graceful,-0.50181087,Adjective
服务员,waiter/waitress,-0.50043741,Noun
愉悦,happy,-0.498627,Adjective
生日蛋糕,birthday cake,-0.497206704,Noun
欢唱,sing merrily,-0.49622321,Verb
得体,decent,-0.49540282,Adjective
仔细,careful,-0.494318182,Adjective
直播,live streaming,-0.491620112,Verb
欣赏,appreciate,-0.4878398,Verb
助教,teaching assistant,-0.487603306,Noun
家里,at home,-0.48603352,Verb
结婚,marry,-0.48246562,Verb
审美观,aesthetics,-0.4818461,Noun
柔和,soft,-0.48143301,Adjective
恋爱,in love,-0.48103253,Verb
配搭,match,-0.48067143,Verb
魅力,charm,-0.480446927,Adjective
潮流,trend,-0.480446927,Noun
领班,foreman,-0.480225989,Noun
尤佳,excellent,-0.479338843,Adjective
蓓蕾,bud,-0.47297351,Noun
乐活,lifestyles of health and sustainability,-0.46929509,Adjective
夫妻,couple,-0.46642578,Noun
伶俐,smart,-0.46496459,Adjective
医生,doctor,-0.46493564,Noun
恭贺,congratulate,-0.46381212,Verb
家长会,parents' meeting,-0.463687151,Noun
周到,thoughtful,-0.46350598,Adjective
产假,maternity leave,-0.46163189,Noun
编排,arrange,-0.46121977,Verb
丰满,chubby,-0.45680001,Adjective
起居,daily life,-0.45550845,Verb
完婚,get married,-0.45428033,Verb
点心,dessert,-0.45371056,Noun
舒服,comfortable,-0.45358084,Adjective
红娘,a nonprofitmaking woman go-between for lovers,-0.45316504,Noun
健康,healthy,-0.45178241,Adjective
欢笑,laugh,-0.4510429,Verb
鉴赏,appreciate,-0.4489117,Verb
关爱,care,-0.44621353,Verb
欢乐,joy,-0.44474599,Adjective
跑调,out of tune,-0.44241683,Verb
牙医,dentist,-0.43791607,Noun
互敬,mutual respect,-0.43745454,Verb
活泼,lively,-0.43718225,Adjective
逛街,go shopping,-0.43651421,Verb
礼物,gift,-0.435028249,Noun
营养学,nutrition,-0.431818182,Noun
珍爱,cherish,-0.43116,Adjective
优先,priority,-0.430167598,Noun
打折,discount,-0.429378531,Verb
光棍节,Singles Day,-0.42787053,Noun
好吃,tasty,-0.42506823,Adjective
亲情,kinship,-0.424581006,Noun
养发,hair care,-0.41955101,Verb
青春活力,young and energetic,-0.41514915,Adjective
脾气好,have a good temper,-0.41290505,Adjective
萝莉,little girl,-0.4123024,Noun
善待,be kind,-0.41138829,Adjective
相伴,be accompanied,-0.4102358,Verb
愉快,joy,-0.41000093,Adjective
欢喜,joy,-0.40863729,Noun
就诊,see a doctor,-0.4073001,Verb
配餐,catering,-0.40703858,Verb
核算,business accounting,-0.406779661,Verb
健谈,talkative,-0.4015272,Adjective
开心,happy,-0.40105946,Adjective
打理,take care of,-0.40071641,Verb
谈恋爱,fall in love,-0.40069793,Verb
鉴赏力,taste,-0.40008142,Noun
拘谨,cautious,-0.39965549,Adjective
照护,take care of,-0.39939648,Verb
文体活动,recreational and sports activities,-0.397727273,Noun
妇女节,Women's Day,-0.39203456,Noun
修饰,modify,-0.39115818,Verb
休闲,casual,-0.391061453,Noun
贴图,stickers,-0.391061453,Noun
对账,account check,-0.389830508,Verb
配图,with pictures,-0.38902229,Verb
教学服务,teaching service,-0.388429752,Noun
做主,host,-0.38789437,Verb
减肥,lose weight,-0.38771649,Verb
亲和,affinity,-0.38711592,Adjective
急诊,emergency,-0.38658218,Noun
品尝,taste,-0.38463676,Verb
惊喜,surprise,-0.38378229,Adjective
性格开朗,a cheerful disposition,-0.38364225,Adjective
婚假,marriage leave,-0.38116296,Noun
文员,clerk,-0.38077702,Noun
室内,indoor,-0.380165289,Adjective
请客,stand treat,-0.37909477,Verb
日化,daily chemical,-0.378531073,Noun
集体婚礼,a group wedding,-0.37844697,Noun
配戴,wear,-0.37826223,Verb
听话,obedient,-0.37792638,Adjective
吃饭,have a meal,-0.37737357,Verb
搞笑,funny,-0.37636766,Adjective
医师,doctor,-0.37300302,Noun
口齿清楚,have clear enunciation,-0.372881356,Adjective
美好,good,-0.37019782,Adjective
完美,perfect,-0.36993944,Adjective
亲爱,dear,-0.368888,Adjective
聊天,chat,-0.368715084,Verb
快快乐乐,happy,-0.36508233,Adjective
咨询,consult,-0.36440678,Verb
心动,heartbeat,-0.36349563,Noun
举止,manner,-0.363128492,Noun
大方,generous,-0.36251611,Adjective
感受,feel,-0.36202884,Verb
有趣,interesting,-0.36111948,Adjective
童趣,childlike,-0.35977157,Noun
洁癖,cleanliness,-0.35966589,Adjective
听从,obey,-0.357541899,Verb
最美,the most beautiful,-0.35743863,Adjective
性格内向,introverted,-0.3563156,Adjective
聆听,listen to,-0.35526405,Verb
初恋,first love,-0.35467835,Noun
懵懂,ignorant,-0.35278255,Adjective
宛如,like,-0.35269321,Verb
幽默,humor,-0.3523554,Adjective
貂蝉,Diao Chan,-0.35082838,Noun
诚恳,sincere,-0.34993217,Adjective
情人节,Valentine's Day,-0.34895134,Noun
清凉,cool,-0.3486448,Adjective
肥胖,obesity,-0.34843528,Adjective
性格外向,extroverted,-0.34815388,Adjective
解读,interpret,-0.34708924,Verb
精美,fine,-0.34606654,Adjective
爱心,love,-0.34572264,Noun
趣味,taste,-0.34529065,Noun
懒得,be lazy to,-0.34336267,Verb
丰俭,frugal,-0.34287476,Adjective
观赏,watch,-0.34278508,Verb
伤感情,hurt sb.'s feelings,-0.34261516,Noun
跳舞,dance,-0.34100866,Verb
家属,family members,-0.340782123,Noun
挑选,choose,-0.338983051,Verb
倾听,listen,-0.33845633,Verb
亲和力,affinity,-0.33795645,Noun
亲切,kind,-0.33768356,Adjective
关顾,take care of,-0.33728554,Verb
不妨一试,it is as well to try,-0.3370944,Verb
身体健康,in good health,-0.33635723,Noun
归档,archive,-0.335195531,Verb
亲切感,intimacy,-0.33517887,Noun
勤快,diligent,-0.33471276,Adjective
感性,sensitive,-0.33302568,Adjective
会计,accounting,-0.33260315,Noun
涉外,foreign,-0.33079728,Verb
谨慎,cautious,-0.329608939,Adjective
忧愁,sad,-0.32760193,Adjective
玩耍,play,-0.32672246,Verb
讨好,ingratiate oneself with,-0.32657795,Verb
打量,look up,-0.32633684,Verb
派对,the party,-0.32480779,Noun
浓郁,full-bodied,-0.32468481,Adjective
欢快,happy,-0.32441688,Adjective
喜欢,like,-0.324022346,Verb
心善,kindness,-0.32276467,Adjective
祝愿,wish,-0.32139855,Verb
文明礼貌,civility and courtesy,-0.32130912,Adjective
着想,consider,-0.32085706,Verb
柴米油盐,"diesel, rice, oil and salt",-0.31702306,Noun
按摩,massage,-0.31673847,Noun
匀称,well-proportioned,-0.31663101,Adjective
礼品,gift,-0.31605464,Noun
治疗,treat,-0.31453157,Verb
煮茶,boiling tea,-0.31434363,Verb
保洁,cleaning,-0.3120011,Noun
聪明,clever,-0.31165028,Adjective
宠爱,dote on,-0.31145024,Verb
严肃认真,serious,-0.31143892,Adjective
巡诊,patrol,-0.31092669,Verb
人力资源部,human resources department,-0.310734463,Noun
忠厚,honest,-0.30832349,Adjective
亲善,goodwill,-0.30757163,Adjective
编辑出版,editing and publishing,-0.30751886,Noun
耐心,patience,-0.30717834,Adjective
错过,miss,-0.3070255,Verb
接待,recept,-0.30437143,Verb
娱乐室,recreation room,-0.30401581,Noun
秘书,secretary,-0.30367058,Noun
丧礼,funeral,-0.30340279,Noun
聪慧,intelligent,-0.30328278,Adjective
邋遢,sloppy,-0.30322351,Adjective
体恤,sympathetic,-0.30252149,Adjective
喜爱,favorite,-0.30237177,Verb
谈心,talk heart to heart,-0.30196875,Verb
导播,director,-0.30054561,Noun
娱乐活动,entertainment,-0.299435028,Noun
联欢,get-together,-0.29940236,Verb
查房,make the rounds of the wards,-0.29885258,Verb
回眸,look back,-0.29849255,Verb
悦耳,melodious,-0.29770917,Adjective
担心,worry,-0.296089385,Verb
文娱活动,recreational activities,-0.296089385,Noun
迥异,very different,-0.29337515,Adjective
真诚,sincere,-0.2932827,Adjective
懒人,the lazy,-0.29295834,Noun
接送,pick up,-0.29254462,Verb
难过,sad,-0.29247392,Adjective
情怀,feelings,-0.29213512,Noun
尊贵,distinguished,-0.29184273,Adjective
难搞,difficult,-0.29178398,Adjective
对待,treat,-0.29096729,Verb
喜好,like,-0.290502793,Verb
邂逅,encounter,-0.29013118,Verb
陪同,accompany,-0.289772727,Verb
教师节,Teachers' Day,-0.28974554,Noun
期盼,look forward to,-0.28936193,Verb
撰稿,write,-0.28905581,Verb
身孕,pregnant,-0.2883412,Adjective
明亮,bright,-0.28791502,Adjective
旁白,narration,-0.28715621,Noun
高见,brilliant idea,-0.28600443,Noun
过日子,get along,-0.2849237,Noun
口腔,mouth,-0.284916201,Noun
感恩,grateful,-0.28322514,Adjective
操心,worry,-0.27901607,Verb
合拍,in step,-0.27647577,Adjective
感情,emotion,-0.27555487,Noun
团结,unite,-0.27456333,Adjective
联络感情,make friendly contacts,-0.27430804,Noun
养成,develop,-0.27265524,Verb
好听,pleasant to hear,-0.27259384,Adjective
审订,review,-0.27162833,Verb
能说会道,articulate,-0.26706785,Adjective
搭配,match,-0.26673776,Verb
轻松,easy,-0.26620544,Adjective
保育,conservation,-0.26167313,Noun
玻璃心,sensitive,-0.26155615,Noun
评改,review,-0.2614495,Verb
精读,intensive reading,-0.26116161,Verb
人性化,humanize,-0.26025299,Adjective
同伴,companion,-0.26002211,Noun
文字,word,-0.259887006,Noun
书写,write,-0.259887006,Verb
任教,teach,-0.259887006,Verb
牵手,hold hands,-0.25977852,Verb
尴尬,awkward,-0.25786586,Adjective
聚餐,dinner,-0.2578083,Noun
融洽,harmony,-0.25751819,Adjective
幽默诙谐,humorous,-0.2572699,Adjective
配给,ration,-0.25704907,Verb
打伞,hold up an umbrella,-0.25626277,Verb
焦虑,anxiety,-0.25416617,Adjective
孝敬,filial piety,-0.25213627,Noun
醒目,eye-catching,-0.25212598,Adjective
新生,newborn,-0.251396648,Noun
爱护,cherish,-0.25087256,Verb
爽朗,hearty,-0.25083547,Adjective
滋补,tonic,-0.24860682,Adjective
保教,health care and education of babies and children,-0.24728135,Noun
演奏,play,-0.24706696,Verb
整洁,tidy,-0.24680378,Adjective
低调,low-profile,-0.24603251,Adjective
采编,edit,-0.245810056,Verb
惬意,cozy,-0.24429921,Adjective
沉稳,steady,-0.24398319,Adjective
大舌头,a thick-tongued person,-0.2439491,Adjective
机灵,clever,-0.24370639,Adjective
喜悦,joy,-0.24293868,Adjective
摄影师,photographer,-0.24236096,Noun
洗浴,take a bath,-0.24232313,Verb
烹饪,cooking,-0.24209249,Verb
相得益彰,bring out the best in each other,-0.24134541,Verb
品牌设计,brand design,-0.240223464,Verb
好奇,curious,-0.24005958,Adjective
演员,actor,-0.24002615,Noun
受欢迎,popular,-0.23972239,Adjective
慰问,sympathy,-0.239669421,Verb
保守,keep,-0.23941468,Adjective
会诊,consultation,-0.23941009,Noun
丧葬,funeral,-0.23897115,Noun
随和,amiable,-0.238636364,Adjective
细谈,talk in detail,-0.23835656,Verb
好玩,fun,-0.23802955,Adjective
平易近人,easy to get along with,-0.23567133,Adjective
推拿,massage,-0.23534177,Verb
关注,focus on,-0.23457646,Verb
舒心,comfortable,-0.23441461,Adjective
尽孝,treat one's parents with filial piety,-0.23404291,Verb
谦恭,humble,-0.23105662,Adjective
互爱,mutual love,-0.23096065,Verb
交谈,chat,-0.23088546,Verb
发脾气,get angry,-0.23085142,Verb
配对,pair,-0.23000125,Verb
专心,concentrate,-0.22967387,Verb
记得,remember,-0.22966668,Verb
庆典活动,celebration,-0.22911221,Noun
饮水,drinking water,-0.229050279,Noun
专用,dedicated,-0.228813559,Adjective
羡慕,admire,-0.22810405,Verb
轻轻松松,easily,-0.22768094,Adjective
嬉水,play in water,-0.22667615,Verb
偏见,bias,-0.22642561,Noun
性格,character,-0.223463687,Noun
忙碌,busy,-0.22345462,Adjective
急救,first aid,-0.22282955,Noun
谦逊,humble,-0.22059018,Adjective
修护,repair,-0.21970082,Verb
欢聚,get together,-0.21942075,Verb
轻松自由,easy and free,-0.21941285,Adjective
采血,blood collection,-0.21908917,Verb
前台,front desk,-0.21855403,Noun
馈赠,gift,-0.21806443,Verb
收集整理,collect,-0.217877095,Verb
咖啡,coffee,-0.217877095,Noun
审读,review,-0.21733781,Verb
谦和,humble,-0.21689443,Adjective
语言表达,language expression,-0.21669451,Noun
进餐,meal,-0.21604638,Verb
温和,mild,-0.21572385,Adjective
共鸣,resonance,-0.21474708,Verb
修剪,prune,-0.21444094,Verb
朋友,friend,-0.21316806,Noun
跟单员,merchandiser,-0.2129275,Noun
平淡,dull,-0.21291348,Adjective
奢华,luxurious,-0.21250062,Adjective
收费,toll,-0.211864407,Verb
觉得,feel,-0.21180196,Verb
告诉,tell,-0.21138533,Verb
亲密,close,-0.20975821,Adjective
迷恋,obsessed with,-0.20970074,Verb
敏感性,sensitivity,-0.20946708,Adjective
安心,feel at ease,-0.209039548,Verb
灵活,flexible,-0.209039548,Adjective
匠心,ingenuity,-0.20826871,Noun
热闹,boisterous,-0.20807052,Adjective
勾选,tick,-0.2060097,Verb
解答,answer,-0.20498218,Verb
拍照,photograph,-0.20497796,Verb
拍摄,shoot,-0.20494907,Verb
探视,visit,-0.20468825,Verb
期待,expect,-0.20419746,Verb
健美,strong and handsome,-0.20408084,Adjective
服从分配,obey the assignment,-0.203389831,Noun
编辑,edit,-0.203389831,Verb
仪表堂堂,dignified in appearance,-0.20304315,Adjective
谅解,understanding,-0.20295835,Verb
打扰,disturb,-0.20287108,Verb
进修,study,-0.20198606,Verb
相聚,get together,-0.20178303,Verb
商务谈判,business negotiation,-0.20142563,Noun
优待,preferential treatment,-0.20083469,Verb
妥善处理,properly handle,-0.20023987,Verb
烦恼,trouble,-0.20015967,Adjective
慎重,careful,-0.1995195,Adjective
后勤,logistics,-0.198863636,Noun
流行,popular,-0.19836217,Adjective
撮合,make a match,-0.19797093,Verb
录制,record,-0.19716163,Verb
就餐,dining,-0.19648962,Verb
节假日,holidays,-0.195530726,Noun
解剖,anatomy,-0.19551346,Verb
上班,work,-0.19532963,Verb
低俗,vulgar,-0.19488197,Adjective
幽雅,quiet and tastefully laid out,-0.19406663,Adjective
在意,care,-0.1932175,Verb
陌生,strange,-0.19318153,Adjective
审计工作,audit,-0.192090395,Verb
诚挚,sincere,-0.19207797,Adjective
关切,concern,-0.19057172,Adjective
烹调,cook,-0.19049686,Verb
做好,do well,-0.1903962,Verb
珍惜,cherish,-0.18911715,Adjective
邀约,invite,-0.18848461,Verb
严肃,serious,-0.1883928,Adjective
接听,answer,-0.18837781,Verb
相逢,meet,-0.18733964,Verb
天使,angel,-0.18661903,Noun
协调,coordinate,-0.186440678,Verb
培训班,training course,-0.186440678,Noun
引见,introduce,-0.1855721,Verb
专属,exclusive,-0.184357542,Adjective
入学,admission,-0.184357542,Noun
公共卫生,public health,-0.184357542,Noun
回盘,return,-0.18391023,Verb
平和,peaceful,-0.18388187,Adjective
庆生,birthday,-0.18363249,Verb
配制,prepare,-0.18319343,Verb
绽放,bloom,-0.18303287,Verb
烹调师,cook,-0.18228667,Noun
翻译,translate,-0.18195658,Verb
现金管理,cash management,-0.181818182,Noun
导演,director,-0.1796098,Noun
憧憬,look forward to,-0.17959536,Verb
年轻,young,-0.17952945,Adjective
咖啡师,coffee maker,-0.17763562,Noun
抢救,rescue,-0.17705753,Verb
舒适,comfortable,-0.17622504,Adjective
矫情,hypocritical,-0.17617852,Adjective
遵从,obey,-0.17603531,Verb
书写能力,writing ability,-0.17575329,Noun
特殊教育,special education,-0.175141243,Noun
独特,unique,-0.17372427,Adjective
简洁,concise,-0.17349157,Adjective
辅助性,auxiliary,-0.173184358,Noun
友好,friendly,-0.1728935,Adjective
知恩,grateful,-0.17132664,Adjective
豁达,open and clear,-0.17129198,Adjective
询问,ask,-0.17052961,Verb
端正,decorous,-0.17010625,Adjective
费心,bother,-0.1695822,Noun
批改,correct,-0.16940693,Verb
情绪稳定,emotionally stable,-0.16923961,Adjective
观察,observe,-0.16830053,Verb
灵动,agile,-0.16817228,Adjective
告别,farewell,-0.1679764,Verb
契合,fit,-0.16787996,Verb
爱惜,cherish,-0.16726429,Verb
彷徨,hesitating,-0.16625433,Adjective
包容心,tolerance,-0.16621169,Noun
拍出,shot out,-0.16484508,Verb
核对,check,-0.16449615,Verb
探望,visit,-0.16440535,Verb
打扫,clean,-0.16396788,Verb
稳重,steady,-0.16386151,Adjective
启蒙,enlightenment,-0.16351999,Noun
医保,medical insurance,-0.162011173,Noun
素养,literacy,-0.162011173,Noun
饱满,full,-0.16142945,Adjective
配偶,spouse,-0.15986871,Noun
有钱,rich,-0.1594912,Adjective
审阅,review,-0.15884017,Verb
养护,conservate,-0.15844698,Verb
团聚,reunion,-0.15824655,Verb
宽容,tolerant,-0.15784863,Adjective
解说,commentate,-0.15775722,Adjective
关心,care,-0.15735392,Verb
养生,preserve one's health,-0.15657158,Verb
睡眠,sleep,-0.156424581,Verb
报账,reimbursement,-0.156424581,Verb
俱佳,excellent,-0.15561952,Adjective
奇怪,strangeness,-0.15479462,Adjective
玩笑,joke,-0.15457313,Noun
镇定,calm down,-0.15438469,Verb
降暑,cooling down,-0.15280922,Verb
银行,bank,-0.152542373,Noun
画图,draw,-0.152542373,Verb
从容,take it easy,-0.15230882,Verb
热卖,selling,-0.15223158,Verb
任性,capricious,-0.15115053,Adjective
共存,coexist,-0.15059658,Verb
会计人员,accounting staff,-0.15034729,Noun
担当,in charge,-0.14964933,Adjective
享用,enjoy,-0.14953887,Verb
保健医,public health physician,-0.148760331,Noun
苦恼,distressed,-0.14870822,Adjective
犯困,sleepy,-0.14802039,Adjective
兼备,have both,-0.14787886,Verb
签收,sign for,-0.14784228,Verb
编审,editor,-0.14780225,Verb
窘迫,embarrassed,-0.14765902,Adjective
困惑,puzzled,-0.1474284,Adjective
回忆,remember,-0.14724192,Verb
自闭,autistic,-0.14633496,Adjective
礼包,gift packs,-0.14616845,Noun
大红包,big red envelope,-0.14553559,Noun
问候,greet,-0.145251397,Verb
繁复,complicated,-0.14454845,Adjective
诠释,interpretation,-0.14442551,verb
庆祝,celebrate,-0.14437622,verb
自然,nature,-0.144067797,Noun
精选,featured,-0.14210515,verb
排课,schedule,-0.142045455,verb
双人间,double room,-0.14062103,Noun
中秋,mid-autumn festival,-0.140495868,Noun
建账,create an account,-0.14030095,verb
构图,composition,-0.14026202,verb
待续,to be continued,-0.14014742,verb
约定,agreement,-0.139664804,Noun
强为,strong for,-0.13949567,Adjective
饲养,feed,-0.13911959,Verb
摆放,display,-0.13891365,Verb
编撰,compile,-0.1386293,Verb
逛逛,stroll around,-0.13837292,Verb
摄取,ingest,-0.13763105,Verb
钻牛角尖,digging into a dead end,-0.13695221,Verb
驾照,driving license,-0.13665798,Noun
因材施教,teach students in accordance with their aptitude,-0.13636989,Noun
沟通了解,communicate and understand,-0.136363636,Verb
主见,opinionated,-0.13576724,Adjective
如意,wishful,-0.1345423,Adjective
鉴别,treat unfairly,-0.13420409,Verb
亏待,mistreat,-0.13411466,Verb
用餐,have a meal,-0.134078212,Verb
睿智,wise,-0.13213642,Adjective
好动,active,-0.13170347,Adjective
心细,careful,-0.13159774,Adjective
奇妙,wonderful,-0.13154317,Adjective
缜密,meticulous,-0.13131672,Adjective
操守,ethics,-0.130681818,Noun
佩戴,wear,-0.13049237,Verb
单身公寓,single-apartment,-0.13019865,Noun
基本工资,basic wage,-0.129943503,Noun
临场发挥,wing it,-0.12956426,Verb
会计员,accountant,-0.12950479,Noun
颇具,quite,-0.12907472,Verb
行政部,administration department,-0.12849162,Noun
兼具,have both,-0.12838514,Verb
阔绰,extravagant,-0.12809675,Adjective
记账员,accounted,-0.12797937,Noun
贫穷,poverty,-0.1273376,Adjective
借还,borrow,-0.12730771,Verb
供养,support,-0.12727104,Verb
单独,alone,-0.127118644,Adjective
擅长,be good at,-0.12590529,Verb
混淆,confuse,-0.12487269,Verb
谙熟,familiar with,-0.12342529,Adjective
理化,physicochemical,-0.12298218,Noun
和谐,harmonious,-0.122905028,Adjective
接发,hair extension,-0.12289778,Verb
环游世界,travel around the world,-0.12250984,Noun
知己,confidant,-0.12247011,Noun
人事,personnel,-0.12223735,Noun
呼吸,breathe,-0.12203316,Verb
检视,view,-0.12098341,Verb
假日,holiday,-0.119318182,Noun
平常,usually,-0.11897825,Adjective
妥善,proper,-0.11893083,Adjective
谦让,modestly decline,-0.11868864,Verb
审视,examine,-0.11867177,Verb
退费,refund,-0.118644068,Verb
理货,tally,-0.118644068,Verb
询盘,inquiry,-0.11834567,Verb
怀有,harbor,-0.1183377,Verb
人情味儿,human kindness,-0.1179934,Noun
开玩笑,joke,-0.117814,Verb
友爱,friendliness,-0.11671446,Adjective
评断,inference,-0.11637717,Verb
奢侈,luxury,-0.11620825,Adjective
蜕变,metamorphosis,-0.1154854,Verb
专注,concentrate on,-0.11408561,Verb
义工,volunteer,-0.11403382,Noun
录像,video,-0.11352162,Verb
理解,understand,-0.1127708,Verb
成长,grow up,-0.11255952,Verb
人事管理,human resource management,-0.11232532,Noun
吃饱,satiated,-0.11225695,Verb
平安,safety,-0.11199675,Adjective
干净,clean,-0.11185334,Adjective
户外活动,outdoor activities,-0.11178343,Noun
欢迎,welcome,-0.11174744,Verb
文化氛围,cultural atmosphere,-0.111731844,Noun
文化,culture,-0.111731844,Noun
绘制,draw,-0.111731844,Verb
档案,archives,-0.111731844,Noun
弯腰,bend over,-0.11129714,Verb
感悟,perception,-0.1108648,Verb
坐班,be on duty,-0.110169492,Verb
道德,morality,-0.110169492,Noun
沉浸,immerse,-0.10979786,Verb
搞好,do well,-0.10929779,Verb
平面设计,graphic design,-0.107344633,Verb
自助,self help,-0.10653925,Verb
申领,claim,-0.10624102,Verb
放心,rest assured,-0.106145251,Adjective
尊敬,respect,-0.10583831,Verb
更佳,better,-0.10576523,Adjective
慰唁,condolences,-0.10543079,Verb
解惑,dispel doubts,-0.10518354,Verb
期许,hope,-0.10509615,Verb
乏味,tedious,-0.1049791,Adjective
作主,decide,-0.10429876,Verb
模仿,imitate,-0.10407028,Verb
理发,haircut,-0.10396967,Verb
闪耀,shine,-0.10337725,Verb
观看,watch,-0.10316827,Verb
治愈,cure,-0.10301556,Verb
计较,care about,-0.10208849,Verb
冷静,calm,-0.10203324,Adjective
孤独,lonely,-0.10190279,Adjective
透明,transparent,-0.101694915,Adjective
接纳,accept,-0.10164501,Verb
感染,infect,-0.10083678,Verb
聪敏,smart,-0.10083366,Adjective
宴请,banquet,-0.09984972,Verb
兼顾,take into account,-0.09984684,Verb
可敬,respectable,-0.09914598,Adjective
巧妙,clever,-0.09836088,Adjective
人事行政,personnel administration,-0.09818288,Noun
漂白,bleach,-0.09726823,Verb
青睐,favor,-0.09711506,Noun
见习,trainee,-0.09679467,Verb
优才,talent,-0.09669087,Noun
接种,inoculate,-0.09664789,Verb
省心,don't worry,-0.09600497,Verb
寂寞,lonely,-0.09543518,Adjective
约访,make an appointment,-0.094972067,Verb
保持良好,keep it up well,-0.094972067,Verb
红包,red envelope,-0.09460892,Noun
护送,escort,-0.09404622,Verb
请来,invite,-0.09365641,Verb
编订,compile,-0.09338833,Verb
汇算,settlement,-0.093220339,Verb
求证,prove,-0.09302408,Verb
焕发,glow,-0.09265785,Verb
富有,rich,-0.09234341,Adjective
鲜明,distinct,-0.09176225,Adjective
萌动,sprout,-0.09069568,Verb
满意,satisfy,-0.09067789,Verb
担忧,worry about,-0.09051925,Verb
教学管理,teaching management,-0.09039548,Noun
公益,public welfare,-0.09039548,Noun
拍档,partner,-0.08997822,Noun
热心,enthusiastic,-0.08989611,Adjective
回馈,give back,-0.08982474,Verb
缴款,payment,-0.0898225,Verb
境内,within the territory,-0.089385475,Adjective
团购,group buy,-0.08909742,Verb
公认,accepted,-0.08887247,Verb
散发,exude,-0.08855668,Verb
紧扣,clasp tightly,-0.08846484,Verb
宽松,loose,-0.088441,Adjective
饱含,be full of,-0.08753519,Adjective
采访,the interview,-0.08721775,Verb
盼望,look forward to,-0.08626645,Verb
敞亮,light and spacious,-0.08557331,Adjective
乐观,optimism,-0.08554633,Adjective
孕育,bred,-0.08541956,Verb
赋有,endowed with,-0.08510122,Adjective
鸟语花香,singing birds and fragrance of flowers,-0.08481722,Adjective
接触,touch,-0.084745763,Verb
机敏,smart,-0.084745763,Adjective
希望,hope,-0.083798883,Verb
回执,receipt,-0.08374571,Verb
劳动节,International Workers' Day,-0.08343355,Noun
富足,rich,-0.08333867,Adjective
遵行,obey,-0.08270188,Verb
感知,perception,-0.07977717,Verb
结转,carry over,-0.07972597,Verb
派发,distribute,-0.07942012,Verb
担任,serve as,-0.07913619,Verb
婉拒,politely decline,-0.07901194,Verb
牵挂,care,-0.07887078,Verb
审校,examine and proofread,-0.07852918,Verb
友善,friendly,-0.07852838,Adjective
理财,financial management,-0.07825024,Noun
评选,choose through public appraisal,-0.07807818,Verb
独到,unique,-0.07795612,Adjective
传真,fax,-0.07756515,Noun
编纂,edit,-0.07732046,Verb
管理员,administrator,-0.07688699,Noun
守时,be punctual,-0.076271186,Adjective
心怀,harbor,-0.076271186,Noun
烧饭,cook,-0.0761134,Verb
培养,nourish,-0.07587897,Verb
高考,the national college entrance examination,-0.07571264,Noun
享乐,pleasure,-0.07491875,Noun
浮躁,impetuous,-0.07407605,Adjective
蹲下,squat down,-0.07354425,Verb
药学,pharmacy,-0.073446328,Noun
品牌,brand,-0.073446328,Noun
热烈欢迎,give sb. a warm welcome,-0.072625698,Verb
保洁员,cleaners,-0.07221827,Noun
欢送,farewell,-0.07221728,Verb
紧张,nervous,-0.0720666,Adjective
漂泊,drift,-0.07172415,Verb
把关,check,-0.07168179,Verb
神秘,mystery,-0.07157414,Adjective
干练,capable,-0.07116874,Adjective
勤劳,diligent,-0.07103187,Adjective
摄像,camera shooting,-0.07092161,Verb
咸鱼,man without dreams,-0.07087101,Noun
直率,outspoken,-0.06987875,Adjective
勾兑,blend,-0.06978058,Verb
新颖,novel,-0.06973799,Adjective
了解,learn,-0.06952452,Verb
互转,interchange,-0.0694923,Verb
遵循,follow,-0.06942923,Verb
简报,briefing,-0.06929764,Verb
尊师重道,respect for teachers,-0.06889272,Verb
兼管,in charge,-0.06887982,Verb
签单,sign the bill,-0.06859379,Verb
喜歡,like,-0.06826184,Verb
求助,ask for help,-0.0682172,Verb
收录,include,-0.068181818,Verb
铺垫,foreshadowing,-0.068181818,Noun
平面布置,plan layout,-0.06779661,Verb
繁杂,complicated,-0.06779438,Adjective
攻略,strategy,-0.06743235,Noun
沟通,communicate,-0.0671652,Verb
回顾,review,-0.067039106,Verb
拒绝,reject,-0.06626809,Verb
保管,custody,-0.066115702,Verb
勤俭,thrifty,-0.06597683,Adjective
繁琐,cumbersome,-0.06570235,Adjective
享受,enjoy,-0.06550919,Verb
禁忌,taboo,-0.06516387,Verb
回评,feedback,-0.06499161,Verb
拥抱,embrace,-0.06416067,Verb
靠谱,reliable,-0.06375369,Adjective
简单,simple,-0.06340634,Adjective
配比,proportion,-0.06310463,Noun
坦诚,candid,-0.06304789,Adjective
接近,near,-0.06291041,Verb
破蛋,broken egg,-0.06241744,Verb
恪守,scrupulously abide by,-0.06222339,Verb
描述,describe,-0.062146893,Verb
自我,self,-0.062146893,Noun
受伤,be injured,-0.06212625,Verb
假大空,engage in false big and empty talks,-0.06202001,Adjective
耀眼,dazzling,-0.06178765,Adjective
简明,concise,-0.06163012,Adjective
稳定,stabilize,-0.061452514,Adjective
调休,time off,-0.061452514,Verb
分辨,distinguish,-0.06145141,Verb
激动,excited,-0.06026539,Adjective
探访,visit,-0.06023357,Verb
彰显,highlight,-0.06019631,Verb
怯场,stage fright,-0.0600061,Adjective
知悉,know,-0.05947288,Verb
评课,assessment,-0.05942119,Verb
医学,medicine,-0.059322034,Noun
就座,take a seat,-0.05898835,Verb
发芽,sprout,-0.05873805,Verb
窖酒,Chinese baijiu,-0.05806568,Noun
取向,orientation,-0.05762294,Noun
缺少,lack,-0.05761602,Verb
摆拍,posing,-0.05758969,Verb
呼入,call in,-0.05717066,Verb
见证,witness,-0.05678958,Verb
截图,screenshot,-0.05676262,Verb
倾向,tendency,-0.05674137,Verb
富裕,rich,-0.05664021,Adjective
重复,repeat,-0.056497175,Verb
谨防,beware,-0.05633762,Verb
汇出,export,-0.0560289,Verb
庆贺,celebrate,-0.0558685,Verb
烹制,cook,-0.05438385,Verb
辛苦,hard,-0.05419569,Adjective
含有,contain,-0.05406448,Verb
行万里路,learning by traveling,-0.05402387,Verb
交待,explain,-0.05387379,Verb
就医,medical treatment,-0.05382111,Verb
配有,with,-0.05360479,Verb
厚大,thick,-0.05319786,Adjective
萃取,extract,-0.05300213,Verb
捐赠,donate,-0.0529716,Verb
优渥,generous,-0.05221912,Adjective
烘烤,bake,-0.05220997,Verb
摄制,film,-0.05186506,Verb
翻书,flip book,-0.05114166,Verb
相信,believe,-0.050847458,Verb
平等,equality,-0.05082453,Adjective
包容,tolerate,-0.05077316,Adjective
浇水,water,-0.05072225,Verb
挽留,retain,-0.05068814,Verb
编写,write,-0.05035722,Verb
诉求,demand,-0.05027933,Verb
疏导,divert,-0.05027933,Verb
清白,clean,-0.05009193,Adjective
乐善,goodness,-0.0500491,Adjective
村官,village official,-0.04978627,Noun
烘焙,bake,-0.0497797,Verb
筹办,organize,-0.04968975,Verb
开放,open,-0.04968716,Adjective
呆滞,sluggish,-0.049617,Adjective
取暖,keep warm,-0.049586777,Verb
交往,contact,-0.049586777,Verb
统计资料,statistical data,-0.049586777,Noun
狂欢,carnival,-0.04931228,Noun
清扫,clean up,-0.0490817,Verb
敏锐,keen,-0.04867447,Adjective
织布,weave,-0.04864955,Verb
安居,live in peace,-0.04862562,Verb
划转,transfer,-0.04798978,Verb
纠结,tangled,-0.04652706,Verb
炒作,hype,-0.04642399,Verb
借阅,borrow,-0.04586634,Verb
教学检查,teaching inspection,-0.045454545,Noun
隐忍,forbearance,-0.04530196,Verb
考证,research,-0.04519774,Verb
教育家,educator,-0.04479066,Noun
自测,self test,-0.044692737,Verb
缔造,create,-0.04466641,Verb
品行好,good conduct,-0.04461934,Adjective
归集,collect,-0.04446308,Verb
模拟,simulate,-0.04408289,Verb
酷爱,love,-0.04399208,Verb
不愁,no worries,-0.04388066,Adjective
心理压力,psychological pressure,-0.04313016,Verb
判别,distinguish,-0.04311859,Verb
审评,review,-0.04296366,Verb
和解,reconciliation,-0.04289125,Noun
删减,delete,-0.04288035,Verb
热情,enthusiasm,-0.04243139,Adjective
充满热情,full of enthusiasm,-0.0423828,Adjective
热爱,love,-0.04227594,Adjective
审定,authorize,-0.04211621,Verb
成熟,mature,-0.04179116,Adjective
守旧,conservative,-0.04178304,Verb
外向,outgoing,-0.04161861,Adjective
人心,popularity,-0.0415506,Noun
保管员,custodian,-0.04119543,Noun
领购,pick up,-0.04052946,Verb
判断,judge,-0.04010952,Verb
活力,hold in esteem,-0.03982084,Adjective
推崇,respect,-0.03980666,Verb
练习,practice,-0.039772727,Verb
营造,create,-0.039772727,Verb
优惠政策,preferential policies,-0.039548023,Noun
放假,have a holiday,-0.039106145,Verb
互帮互助,help each other,-0.039106145,Verb
缺失,missing,-0.03839402,Verb
反哺,feed back,-0.03827322,Verb
洗碗工,dishwasher,-0.03716766,Noun
怀着,be filled with,-0.03707966,Adjective
药剂师,pharmacist,-0.0369896,Noun
织造,weave,-0.03633855,Verb
结对,pair up,-0.03602207,Verb
畅谈,talk freely,-0.03402585,Verb
购进,purchase,-0.033898305,Verb
工伤保险,injury insurance,-0.03340975,Noun
求职,job hunting,-0.03288525,Verb
举行,held,-0.03251445,Verb
排班,schedule,-0.03232413,Verb
清晰,clear,-0.03211256,Adjective
编修,edit,-0.03192314,Verb
签字,sign,-0.03183957,Verb
缴存,deposit,-0.03158106,Verb
接轨,in line,-0.03127892,Verb
涵盖,cover,-0.0310789,Verb
依赖,rely,-0.03099488,Verb
艺术家,artist,-0.03081492,Noun
休息,rest,-0.03028385,Verb
扫地,sweep the floor,-0.03026173,Verb
采摘,pick,-0.02972922,Verb
爱玩,love to play,-0.02956157,Noun
放松,relax,-0.02927295,Verb
涵养,conservation,-0.02921769,Noun
剔除,remove,-0.02904142,Verb
露脸,show up,-0.02884768,Verb
界面设计,interface design,-0.027932961,Verb
偏高,high,-0.02772719,Adjective
会计师,accountant,-0.02750165,Noun
极富,extremely rich,-0.02737855,Adjective
复苏,recovery,-0.02735172,Noun
在乎,care,-0.02712738,Verb
请假,ask for leave,-0.02677248,Verb
泼辣,pungent,-0.02634813,Adjective
携手,hand in hand,-0.02589218,Verb
较佳,better,-0.02585111,Adjective
内向,introverted,-0.02550239,Adjective
可疑,suspicious,-0.02510393,Adjective
检查,examine,-0.024793388,Verb
赠送,gift,-0.02259887,Verb
报销,reimburse,-0.022346369,Verb
文明,civilization,-0.022346369,Noun
洗衣机,washing machine,-0.02213968,Noun
尊奉,worship,-0.02181087,Noun
火爆,hot,-0.02154178,Adjective
开明,enlightened,-0.02129677,Adjective
度假,vacation,-0.02111294,Noun
厌倦,bored,-0.02082263,Adjective
顾虑,concern,-0.02012795,Noun
互评,peer evaluation,-0.01958828,Verb
耽误,hold up,-0.01951168,Verb
癫狂,madness,-0.01929123,Adjective
萌芽,bud,-0.01910652,Noun
活着,alive,-0.01909174,Adjective
安稳,stable,-0.01850431,Adjective
较真,TRUE,-0.01743673,Adjective
平凡,ordinary,-0.017045455,Adjective
社会保险,social insurance,-0.017045455,Noun
收发,send and receive,-0.016949153,Verb
互助,help each other,-0.016949153,Verb
抽查,spot check,-0.016949153,Verb
品行端正,proper behavior,-0.016949153,Noun
口才,eloquence,-0.016949153,Noun
充盈,filling,-0.01668184,Adjective
解难,solve problems,-0.01643625,Verb
害怕,fear,-0.01641171,Adjective
着重,emphatically,-0.01635053,Adjective
排列,arrangement,-0.01632672,Verb
灵魂,soul,-0.01623082,Noun
称赞,commend,-0.01605966,Verb
言传身教,precepts and deeds,-0.01600973,Verb
传菜员,waiter,-0.01594024,Noun
拜见,meet,-0.01551159,Verb
耕耘,cultivate,-0.01535274,Verb
村医,village doctor,-0.01510686,Noun
散养,free-range parenting,-0.01493792,Verb
同享,share,-0.01436325,Verb
育成,bred,-0.01408707,Verb
兴奋,excited,-0.01393725,Adjective
药师,pharmacist,-0.01357036,Noun
交割,delivery,-0.01336707,Verb
警惕,alert,-0.01304683,Verb
明晰,clear,-0.01299996,Adjective
极易,extremely easy,-0.01214949,Adjective
容易,easy,-0.01202928,Adjective
筛选,filter,-0.01172774,Verb
归类,classify,-0.011363636,Verb
初审,first trial,-0.011173184,Verb
补休,compensatory time off,-0.011173184,Verb
动画,animation,-0.011173184,Noun
清醒,awake,-0.01087685,Adjective
恢复,recover,-0.01070042,Verb
热诚,sincerely,-0.00932307,Adjective
讲解,explain,-0.00923668,Verb
乒乓球室,table tennis room,-0.00876568,Noun
回归,return,-0.00873531,Verb
计收,charge,-0.00844885,Verb
引领,to lead,-0.00833212,Verb
精气神,"essence,energy,spirit",-0.00828116,Noun
查验,check,-0.008264463,Verb
采购员,purchaser,-0.00784066,Noun
简述,brief description,-0.00686041,Verb
渲染,render,-0.00613296,Verb
颓废,decadent,-0.00591828,Adjective
门卫,doorman,-0.00572212,Noun
接受,accept,-0.005586592,Verb
鼓励,encourage,-0.005586592,Verb
预期,expected,-0.005586592,Adjective
相遇,meet,-0.00552445,Verb
小伙伴,buddy,-0.00541962,Noun
极佳,excellent,-0.00503715,Adjective
获评,awarded,-0.00478292,Verb
居住,live,-0.00476226,Verb
简易,simple,-0.00427671,Adjective
追溯,trace back,-0.00354053,Verb
摇篮,cradle,-0.00345192,Noun
传奇,legend,-0.00209243,Adjective
技师,machinist,-0.00208656,Noun
娴熟,skilled,-0.00190655,Adjective
缴销,surrender,-0.00085743,Verb
丰富,rich,-0.00072389,Adjective
遵照,comply with,-0.00051993,Verb
善于,be good at,-0.00044326,Verb
